{
  "single": 0.2105952890467876,
  "double": 0.06544694969756423,
  "triple": 0.005613147339436337,
  "home_run": 0.046035762035883235,
  "field_out": 0.5926036746798574,
  "force_out": 0.029762558564973507,
  "double_play": 0.0031228339955231173,
  "grounded_into_double_play": 0.027419959624729665,
  "field_error": 0.009614692659351647,
  "sac_fly": 0.009785132355893237
}