{
  "single": 0.21199581490115457,
  "double": 0.06553424255217606,
  "triple": 0.006104370491382001,
  "home_run": 0.046301143559903814,
  "field_out": 0.5897310890434846,
  "force_out": 0.02939774959158575,
  "double_play": 0.0032996200370785074,
  "grounded_into_double_play": 0.027873492538409296,
  "field_error": 0.010122065382991612,
  "sac_fly": 0.009640411901833734
}